pk,type,color,size,item_number,order
933dee1d726ec0dd07f696c039c47d51f382daa1b1e820c27588efa94ec2f6c4,tshirt,BLACK,XS,1,
3fd91e7e6e11693568074cd4f2ae4d33d7de9d761982bab71e0639cca2ccf21d,tshirt,BLACK,XS,2,
36b91b4254ae8456104ece9d7ce180889ff8a2b35cfe5bb0e9c74d5433b1e732,tshirt,BLUE,XS,3,
5b783d216cf46ed5bc8a6c7b56a3cc3bc309546018a84399d05dadc4fc05ba5b,tshirt,BLUE,XS,4,
a2bafb77eacfc70fec795df3af290a797213cdf884ef4b919515d520aed5868b,tshirt,BLUE,XS,5,
a1c450df44dd884fd8f0f4e94c4b65e1cc9388a0133fe45eb7f34062a04076bb,tshirt,RED,XS,6,
8be6436009b1c2feb3f9ab4654419f5453d545cd47df1c18e986f61468ec380b,tshirt,RED,XS,7,
30cdd1b3cdda08b56231a3a0b9cd4f64bc4465fc2d8f6c4c1c57989e73d03467,tshirt,RED,XS,8,
110ad5914c566d01ee832b8d298130085935943d0453aef097d73b6eaae427df,tshirt,FADE,XS,9,
503a002baa467f32a89e0c32d4b14f079f8ec62f02dd75019fecea5f78a9d118,tshirt,FADE,XS,10,
2fe4c8ec8b63fd1a3877c755b556d977cd0345d18c9e39423b6fd8a9994dcde8,tshirt,GOLD,XS,11,
15af8f5c4bd59b1f11480838ac3bfd6dcc4ef39e1d732ce2d9d81cbce22aa5e2,tshirt,GOLD,XS,12,
987331e3f498c37795bb76b6c891de4f12de78875d4f3c956d7b93da87ceb6cf,tshirt,GOLD,XS,13,
cd929cb053d2ed7841cfa844a79706206df95b8f85fd99c3667bba7b06fcb7c6,tshirt,BLACK,S,14,
d49e77b24efc55ab82ff9cb1b31f669b1ed4b46cc63667883c8fe0a9b808b416,tshirt,BLACK,S,15,
56f5817d10bc5a6de87096b66d084b3826ad0002f36e5384e9cbe5b195f4a48b,tshirt,BLACK,S,16,
5c55d3d2faac41f18bac4d5c038bc2e3db49a0117810387ef9cb7cab84e92026,tshirt,BLACK,S,17,
c377da811b5a3e48a7d9a004b45e88dc809d279dac0dde12fb50443633b83e86,tshirt,BLUE,S,18,
ac7110f5d009b87a9353cf8cf5ed42a8046ea6d6c3c4da18c3908272c007f6e9,tshirt,BLUE,S,19,
d49a8edd1728668539f22863c65c3d2d0e4f5fd868a707a4fba65e9db39e94df,tshirt,BLUE,S,20,
8889acbc7a8576ff2f4189df2351e0ee2652e2ee49c926b09bcb7b9a7c9e3bcf,tshirt,BLUE,S,21,
b49e5c1b7e9565fb21dd70fc09057fd1cf7327b378ab9bac56c8f19e06b10b89,tshirt,BLUE,S,22,
2741cd31f9729bc55d30d5844c8194cd4756045cd39f637c1490349caf755839,tshirt,RED,S,23,
69da8ca10c404f04c1b769493c5dd732651448b13210230058d105b23441616d,tshirt,RED,S,24,
5b937ef52e80c11eab4b8683e0f78ef6424dc982a0b5d4991f284e58bd1d5872,tshirt,RED,S,25,
681354acc58aa169450c5bd9f25fa884d0cf5d7f35cbe3e8c3ac021871ebe071,tshirt,RED,S,26,
d0c7843d884a5936ca49a172f312fd5ae7e4a50552be60474533a9c77eefe9a5,tshirt,RED,S,27,
721ef3c0ae16609c35c27972b05e0df08f4693ba6e5788a9033ffb5d6fc67c95,tshirt,FADE,S,28,
1625703767914772585bf0c23639775b0aa091ee1de3acc1bfacb5e30ed8cc6d,tshirt,FADE,S,29,
85f99c71f5cbaaeb2e62c781d4707c9cd3147e280a0f45e35051aa44f53a5603,tshirt,FADE,S,30,
50b23587ea44c94ff506207198d4e43365308db3f9063d2fd8662091182ac02c,tshirt,FADE,S,31,
95ec525afe6c3cf5be1e04230fd75d086979d8ea79a8bef14e8d841e166b8d5d,tshirt,GOLD,S,32,
9567244020fd5568071b7320a18b109637b6bacb96c3af2992fda211ee152b5a,tshirt,GOLD,S,33,
a0fe239f72ce282738d0e7069f5c734c2f7794ec4c41c72a1fb763cefc1c4bf9,tshirt,GOLD,S,34,
6fe2e729fce71cc5c32e30e98820e2c3ae2781d49ca6adb47281bd3ba794b184,tshirt,GOLD,S,35,
0ea0a1750efde6d96eda84a6b39b493d6f0c4a76ad5193e16dc6efd28200bdb9,tshirt,GOLD,S,36,
3adb30f6a81fa5addb3df574e58271eb530b92597f322d0b52bffa24a15554df,tshirt,GOLD,S,37,
f11ab3a9405d02488e6b59191f3e97f0f833214c8a47c9632684cd267bcd7265,tshirt,GOLD,S,38,
d73cdbe105ee2c539da018a0002f2bdc9a48dfa72a6d3e4bf020a339e84b9ba5,tshirt,CAMO,S,39,
3761e4c8b0a4702c1480001da89599dcb0caccbce5ee216c7edeeedf0599007e,tshirt,CAMO,S,40,
4313f016b3df502071dfff81b427e9671616c6a8ec98cc70872ef2e1d7d68e5a,tshirt,CAMO,S,41,
48454d4fa5d62aaf1bc70a48735a2b1365bb7ac089669a60501f46794c9f1ce1,tshirt,CAMO,S,42,
73acb911efcfafdb4fedb574b815a8083e9f78048342e235d327cb25bbaf7743,tshirt,CAMO,S,43,
b8fd45e5e55b3df015bf07583b022033f5bfaeba0c9299b9c4e304ba0dab00ba,tshirt,CAMO,S,44,
2e7b1476adf4fd24bd47224273cd28a945ca56d4c017dfb2993f4f6b76d6005c,tshirt,CAMO,S,45,
5b7c17abc7d627a636552ab5a418ed03b1e16a5633d8cdf47983bd1ca22845f4,tshirt,BLACK,M,46,
57b1bca024f39258ecaa0be1158d8b70f68901053f7913ba789e0bdbc9fa4429,tshirt,BLACK,M,47,
504118988dc76f4cfe53450e550428f99810946291b142afebaf74dc771ca7ef,tshirt,BLACK,M,48,
9e47190ec257a6ac37c96ba3007b20fe6e3d5c44daaff47d099184f05f28fc4d,tshirt,BLACK,M,49,
43bc8f38b7986c45005dc142aa81f9d66131422cb9424e4ca38e3327e1e187ae,tshirt,BLACK,M,50,
a80c9e53526dfa27f096e80e8f9f8e9b9f0b3431c2785f5ba653a3c0b0957eb1,tshirt,BLACK,M,51,
cacac50dccb0ba16a90dcb6ab70d07dc0ebcb8c824dea1af752b466ad532aa0e,tshirt,BLUE,M,52,
852101a999fde7218077bdf6948796f834cc6620dbd46d077a2af87ce777434f,tshirt,BLUE,M,53,
0e67add207d120b26e2f3b5ef7e51bcf4548789bcb79589e720ac970e98ad48d,tshirt,BLUE,M,54,
92721d3a634914c0c5815027c097018226f79a23ca7cc59a80f9ad21c09f5da8,tshirt,BLUE,M,55,
69a644590b243b1e6b32e35021fc269bedf27b761baa3dbd129635e04c35f7c6,tshirt,BLUE,M,56,
54c03a0d3d6494aed8c2552a8eb506d0cac6040995318f973eb90b1247f6ec34,tshirt,RED,M,57,
f7f2f8d0d5d61e996ca7904c5a9af4845e88c7bb55f9ac43368f6ee5a39b6901,tshirt,RED,M,58,
044bd92ba4a4f182ffddc93098c0eade3097f0a5bc4c507200d798002a9ce2a8,tshirt,RED,M,59,
9d5fa984a827e78513865c72b5f807803f44a6b3aa3f8bea86d325e10fdcd297,tshirt,RED,M,60,
caaa22b8fc63e83f2d3517e1d414222f3815fdb2084a9de4afcc857f94a9ea5a,tshirt,RED,M,61,
0867f7cd780a912a597f330a5fa680d798e276c842f9a3c61c49f4ef413b357c,tshirt,FADE,M,62,
127ba3520467db46cab540cb04c198a456a674904c7b4d573229d173d3b58fb3,tshirt,FADE,M,63,
7dc86f6806ba67050dab3bb91c40e8f2dcebc7cc36b99fa6346747cae0c4f2b4,tshirt,FADE,M,64,
7840d4a48886a55f860f12a6102c19942df33844b7908c04eaf91d64e1faf555,tshirt,FADE,M,65,
985f27f4ef4870852e9e6920e003e9785cdf86825d2d9dd2b2f743251c6d204b,tshirt,GOLD,M,66,
5dfbc283413515b650c95629ccf15022b8964ad60d96749482c5fe66fbea1d34,tshirt,GOLD,M,67,
4a6faddea1163ee6d934ff1ea296d29cb71aa284f9e292848c3b37c2aadc5772,tshirt,GOLD,M,68,
d7b74f99207d2df859a05e65dd814f25af773c2d22dfad03ab3437cabf724bc4,tshirt,GOLD,M,69,
74f194059335c7329faf953bb2e36d0d0249bba8b66bdc489d9cb52f67fad1c9,tshirt,GOLD,M,70,
a6821dc2babb5faddf2ebf0f3ae5205ff34cbb563d39784f6001ebe53e6d48c7,tshirt,GOLD,M,71,
6a66fd52cfb6522c37d4e09bf9c07ddfa8e0100c1c5dbc47e00dcaf912826a79,tshirt,GOLD,M,72,
a157018c4cc0b3dc2711950231c928088cfd80474f910998bb2ca73edf013e35,tshirt,GOLD,M,73,
438cbd3c1194acbab7e2ded243d3e7507964b5533aab66c15ddceb3c396fd475,tshirt,GOLD,M,74,
67951a8cb8d33f1c74790f4687d37cb8fa1d901b349ca0831d1d90b2905dcbeb,tshirt,GOLD,M,75,
c6f49172cabf6f2a1f3c117a85e68faf6bcc9e015046c1ec3db5c0700556a623,tshirt,BLACK,L,76,
89cd2a7978fabc496b2ad09f46ab70fc0a092c131a2489772ee93469de79b15d,tshirt,BLACK,L,77,
4c6635fd566cc768b715f17e003c1a2bf32ef2bd5a80494f22ba15b2a4440ae3,tshirt,BLACK,L,78,
5978b9fb9a9e92e8f8d920cf8498bbd473394ac575af0b6258a05d9a01aea9de,tshirt,FADE,L,79,
dca8fa27d9236e4c00bbb2f03c84e6fe8d7b2fd1c176fd350169930633286bf6,tshirt,FADE,L,80,
5e894c5ac533fe48ec4c7fa903e9ae84a4fbc23caa472da105a2c18b36e243f2,tshirt,FADE,L,81,
baaea0948f354b4fc24fd2747689be322338d87200ab20278152d3322740004d,tshirt,GOLD,L,82,
8fde0a8db5aa098a73d397b8bed111b1f97cfce7a80b26f97c21c2df11c0fdd2,tshirt,GOLD,L,83,
3a2d4f056956801f57595927e082c7fdadb8c53bd1f107f1a1b08db1971fcb0e,tshirt,GOLD,L,84,
cbb60fba01147eebf09f6af51a498119969fe297fad939efb0a4b53f3f8325d6,tshirt,BLUE,L,85,
5d7479f37a1402e942b11c1021eb0c4f70a336706837a1a3de6f697782f7d1e5,tshirt,RED,L,86,
940cf293daa0e93a63116ac0a91186c7b7d6b04d7c5d03a7bbdf5af8e86242c7,tshirt,BLACK,XL,87,
e792c148395dd3d70fb776048bd5098fd1388e8ea7ab04d9f176900a91fe5d45,tshirt,BLACK,XL,88,
2832eb37ddbd694b5dc7cf3109d6641a2864cdbdfb00bcd0c9fa64ffaca0ec25,tshirt,FADE,XL,89,
7f608400d70d20dc16cf1af8d60554dcfead7a3ddc7ffb17cd9affd342f5283b,tshirt,FADE,XL,90,
f3ff5de2eced1f78b32611bc29a32b3309798384d64347be06697ed524202db5,tshirt,GOLD,XL,91,
a8c81a656d93a8344a91037d37561b750692282ba0857ea6d2b58e1a830d93cb,tshirt,GOLD,XL,92,
bf71e44ef81ffb5f3e71d2da5cacd5fc00832c75e09710e7b07f7e3287a65a3c,tshirt,GOLD,XL,93,
e3a1945c7908054fb2f1589b9b0f01cd07389f3bcd0a10bce87f5bdad7fdd3c9,tshirt,CAMO,XL,94,
b61afa2358fccd3cfc8b1b8484a0222605f9c5d94dab9148beec2f54a9641205,tshirt,CAMO,XL,95,
8ff7d40c270079a21f12ad2119be7b54030f77138c4d733b46492f3a1fba8011,sleeveless,FADE,XS,96,
95988f6a8093290f150bb03415b8ab170234e70baa6d4f93503c7f650b338e22,sleeveless,FADE,XS,97,
e875a92928d1a36a3ada71867483c29a877117a745f9ddffc6439dedb8c24aca,sleeveless,FADE,S,98,1.0
8d4ad8d2a58b97260851925767ba040604c9e1729c189025b9599d42f16c7762,sleeveless,FADE,S,99,
977237c214657ef955655301cfabcb3e30329aa31ec5b58c8c0ffbf9dfa10711,sleeveless,FADE,S,100,1.0
b82abb09ef6628b81056daa4b0f01a897060bc9339c71937036f0757a49673aa,sleeveless,FADE,S,101,2.0
81d9b180fdf8224effe63a2d967eb1a10aced0cb7307beddcc62fd0a41ded836,sleeveless,FADE,M,102,
b74c8d6259651b8cf2762cce8439a7d290d20c1158bf8fe345d599ff94984004,sleeveless,FADE,M,103,1.0
a8c47910cf1f59a99184d1d5f6c8ad93da5c89626bc931b752e17d84dca23bde,sleeveless,FADE,M,104,2.0
4afdd6dacf0176356d0add149fdad0d950af4be33e633b22c24eac437c9b7b09,sleeveless,FADE,M,105,2.0
6ad4738ab4eef6a63b5c114136fd11cf2eb5a0bb525ffd5d8246620d76130b26,sleeveless,FADE,L,106,
aac6fac513625f836c376fe066149de6998dc893dc67cac999a49e7562e92f23,sleeveless,FADE,L,107,
c490bf5ec8ee89ab58acff1b0813ca1f5ec0976bfe4d6a8f8614e08454060e36,rashguard,CAMO,XS,108,
fd42efb699901226990cc805596e4787a00bac6ee364928414b04bb066885f2b,rashguard,CAMO,XS,109,
99f77e2f4cead7b8bfdaeba13c77c1b65003e7459532daec33d923180678524e,rashguard,CAMO,S,110,
ac512a2034ca7b03a245d9763c94f26da81f361f4b0ee737ec41404da295818b,rashguard,CAMO,S,111,
3b6744b63937a523510c068f0561aafcbee44881ff3b51f776ca7cca8bc72b61,rashguard,CAMO,S,112,
104f5e0b6a3272523e41318e4554ab402c13543688dd77b63ab29cf5285bd48b,rashguard,CAMO,S,113,
cae3352d720a86c79183758dcf8fe1a2f6e93ca9f723667db8bbd32780a74f70,rashguard,CAMO,M,114,
23d2e63a2760e495f62e256cd0aeb1225db3c08844994b975119e972a4202fd7,rashguard,CAMO,M,115,
66bc67766e48b9d4360e0ca268438fa5c038ada2814487e144cd93c9c002aa4c,rashguard,CAMO,M,116,
683d208fde92b614380b2bd5f832d3b4ca1f29d70d9f4cb1a8ca288ee3508207,rashguard,CAMO,M,117,
d7383c6f22bb1ae425868d891d21d0a4f041f2a42abe6c718f2675dfe786a4dc,rashguard,CAMO,L,118,
a144ddc82a3f20da5d7a6bab33a319d25587bac2501bf01cfc3be07b180289bb,rashguard,CAMO,L,119,
5facc329705232e91c07c7296ede836aa0fa77ef0435b6c0c9908932a33f1eae,buff mcp,gold,one,1,
8f7529f9108a1953a26f82a7b59f67a21af38375488f8875c46748f989410276,buff mcp,gold,one,2,
8dfee1f110d44c73279b74d7c24a97359dba1ed98a99f6c015bba431d4ec3728,buff mcp,gold,one,3,
8a8300ce1649f42c1e9a31b3f0e50f8f937f86a9117f2ce708613dfe1f28fa06,buff mcp,gold,one,4,
221aed896e0a274664fc5beafc0a11a950d779cde8bab852bb1c9d31014932f5,buff mcp,gold,one,5,
ef6d7df38d7168197b6558eff8b00b2bffef10b3f276746bb06e39df17565966,buff mcp,gold,one,6,
8eb79c81284ee16fca28958c43894362b550c570ded546bc76756287dc6e3fce,buff mcp,gold,one,7,
a3233617f4e688c985ebd46507b77e33dad483878596e89bb6235b5c3fff8ab7,buff mcp,gold,one,8,
84c04de376224b59260fa508f22d3c962293235d1d9d5e46df0737c76e0456ca,buff mcp,gold,one,9,
827653a0a2d7831e57efa5733a4f180dfa24639500dfd854054cef2fa7c74772,buff mcp,gold,one,10,
6ff12c207872c70c978ce3c4d8b49e6e38db20d415c49972eb81503f56b4c8f1,buff mcp,gold,one,11,
a20152bf7b742d498a011d63b7f14e2c57d0de010ac99cf1efcaa35328cae2b2,buff mcp,gold,one,12,
d35c843000976fb98964daf5842606b33c3f530788db92e880c456ec77b0d7ee,buff mcp,gold,one,13,
8c6396decb2006262be4af65d693f233ded4076342293fb26b2abb1239604675,buff mcp,gold,one,14,
40db5024d4f1f1a8282e1f1be3075c930471982707af04cfbce17d28944b25ef,buff mcp,gold,one,15,
638c8312cafafeed8601cc8a2c769e3b7e3a036afe51f92af0015b0521f76f60,buff mcp,gold,one,16,
0db86a70b8ea3e3d7269b81e6483061b812aae2f67ca02eb508de92d282f3689,buff mcp,gold,one,17,1.0
590920e6c65948970b0650c70e27fd513d9fca6bbb9d5a3fd89119686bf16933,buff mcp,gold,one,18,
e9989be33ff210badb982daecce8c16eef65dbf710abc29db3bfb221222e32e5,buff mcp,gold,one,19,
fe7d46b0734809b6ec3ae5ccfc267f0e086a0a411d766f5d6697f338fb4adf82,buff mcp,gold,one,20,
1edab553b6d5773346decfa76431964b01bebb31f123c806f4744386dbe13714,buff mcp,gold,one,21,
29fdfb7df78224d897a803bba52c003f4ede6d66b9cd37a43aac6a4de14f776b,buff mcp,gold,one,22,
7a5c98ff98725a03047db5944173b209f31092b01da109b52de6c060493007b9,buff mcp,gold,one,23,
12e6ab9ea2947e5bf19a0f7e221f6300c0807ef73c5f088c112754897956aff8,buff mcp,gold,one,24,1.0
5612fcaef0521da0b48817134b724074b103e48084b205eb54c652ac8fba56a9,mousepad,gold,one,25,
7586b1859aa7eb6e9cfa0be83d41d08026094800f89680521ec406068ce0ce63,mousepad,gold,one,26,
eae5dc107727d68bbad8c2fa4d0e00f2c2271b5e1498e54f568fef871ee4eea9,mousepad,gold,one,27,
09b9f32ec334d72685af669f1e4d9f0dd5fea43c8e964e3d351d80f3a355819d,mousepad,gold,one,28,
720163b6ad4e4cdf0c70231a478923d4af1d7ea3b692b18196751fd7d1be0428,mousepad,gold,one,29,
4657013b507a9afd846eff50b178359d93987ae39709453b615d22f409e38d65,mousepad,gold,one,30,
fd1d00e02724f522f0c6e2bc4642655ab3d5a9189e1679216579b8200ca987c3,mousepad,gold,one,31,
047096ccfc37c0764ae00678166e0396f1cf66942ec3d43d0c47e37e415f38c0,mousepad,gold,one,32,
544bd1b1daaa95949031fe0110f096d2c07a58e4c5dce83b517a7125c8e4f868,mousepad,gold,one,33,
cfe58bce43385ae9b8eb8c13950a231d2acb34ceaf83f1d5e62fd012423d11e8,mousepad,gold,one,34,
9e6637e1fbc493094019f4b55dbe07972b3e22b32d92445287e1e918695fad7f,mousepad,gold,one,35,
c28bbc73ba6b50bd7e3229e4515b962d25fdbeb125d158315b697512da2946fb,mousepad,gold,one,36,
36bc79d91edd5594106ceb477bfffc7d2539b1dae65dac3bb7b74a8c9dcb0695,mousepad,gold,one,37,
5f4a163671347fedbc33e18dc5e64ac99a3fcb715b50f720d605645b2cbf9e4d,mousepad,gold,one,38,
13cfb2f3e09e931aaf2d2e720eb975c9060840d6970cabf22b540dbbdf646fa6,mousepad,gold,one,39,
bd75010b271ad05643c4dd467530bbc5daec75cced78c43d548cf78db49eeab5,mousepad,gold,one,40,
716ba0b560b601f69ad990cb1e6634349c95f9929862c14e71e94722a136cd23,mousepad,gold,one,41,
520bf4c0fe0148c9a3bebd18e822bcb51279a934d857370ef0d2e4c10b1979ce,mousepad,gold,one,42,
7359da99999f6fd9163d338aae99190ee1899d1400ff7738a308b5535a3fe5eb,mousepad,gold,one,43,
b11b219f05bc12d419ea17f2ea4bef5f92d8a42ba7f1e748bbb38dc9b5c95aab,mousepad,gold,one,44,
9caa570d6987a6c314fd76f0596d7ac749ec0e9445d9b86d2ef80c50e74af6f2,mousepad,gold,one,45,
b8c58686abe1e88cff0f8ea468cb56aa9b57a3081baf608ce7e0f9ebebe28639,mousepad,gold,one,46,
1d5fa2f86d6c9b805fb8c63ab1bb29a4a0b3f232dc56d5e94fd0541c44dafefa,mousepad,gold,one,47,
d1a7e792ba47ea8705b16830886be8ce5ca24255e84926ace30ef41e597b161d,mousepad,gold,one,48,
3e897009364e4c037854768f8fceee7bf6fb83996112961772dd12e86cb61a6a,mousepad,gold,one,49,
0d59f7dcf8ab5c18b9422e5bb2c2551eb00cb960fd0f88f25ee3ac27ddc8035b,mousepad,gold,one,50,
1f8746d76e93302197c9dd3ae2d01d5bc8ffc43990d45a82049b22ecf85c69bb,full print dry fit legacy,red,XXL,51,
515385024fa9037dee47c265b13c6d3c8c194f9f3d0c9cea7b642a9b9501bf8b,full print dry fit legacy,red,XXL,52,
dad8c0e039ef7083210e57654a511b3db36c571553fbe872ee65f4b2dd386e0a,full print dry fit sleeveles legacy,black,XL,53,
8c5bfab1c1ae55f25a561f55d399efab3e94f86f887d7da0617c02a610b4cf5a,tshirt  breathable legacy,red,M,54,
35885eac12156a4810b9083837aed19742d63b12c3fd0deabe6fe74686dea646,tshirt  breathable legacy,red,M,55,
90db496e75c33e99bd0b0e7520d416d8fd34afe2793c6aa45b8e2a7f177a1336,tshirt  breathable legacy,red,L,56,
f55801aabbdaa3e8770e2dc04567bb1d6db43e48967675b24892c58b43150697,tshirt  breathable legacy,red,L,57,
c6337986555901b93c566e71fa85fabe52d65abdb5989cf33ddae7237caf9e48,tshirt  breathable legacy,red,L,58,
3e8d603303407ab2baa895db5f84af63752ac0fbdf844fed3bdb5e7019d07e48,tshirt  breathable legacy,red,XL,59,
4e37e495ba10031c432da2ce657704da86bad812b30d36ad4c00427c4ad82677,tshirt  breathable legacy,red,XL,60,
a0df2952f5e50bf59376a2d194553e863cde19064552131c0495fec034ac7840,tshirt  breathable legacy,red,XL,61,
2a3ec363eb0e72f8542dbaedc055e208cda2402e52069297d1614fb3cc492616,tshirt  breathable legacy,red,XXL,62,
45ad547acac85f61a9a54902aeecd974274426d564618a9bbc5e21b936a05bc7,tshirt  breathable legacy,red,XXL,63,
203220a50451578544d49fa4cd6683f34f7b9e584d8646f936dc57771e25bf28,cotton mcp legacy,gold solid,S,64,
08906f7671d4c6271fa3447c3e420ee7c6d16b65b7404ebab597383bf074d3d2,cotton mcp legacy,gold solid,M,65,
bf582ac75620b54e15459430e22d9c30f558b0c8a49fa9f5124dc1dd8bdb5f21,cotton mcp legacy,gold solid,M,66,
f76b0bf7d07d9cbb324e46103bc308cdb67abf693ead58e31bfee1ce38958f04,cotton mcp legacy,gold solid,L,67,
eeedb8fa5e69965a162688c5a87520d1c36b8dc36362111bce1dc5f42a601229,cotton mcp legacy,gold solid,L,68,
08ffe1c0712acf04619686c5302f0731a76eca86e6f760aa5c325361c43de8e0,cotton mcp legacy,gold solid,L,69,
a6a71e1e1a83b5c2ee0cd6f43e0c3b4c2d5daef82a949a99e7497fc952862b1d,cotton mcp legacy,gold solid,L,70,
3c87b16dad79b4811dbab036cb55a7b50cb0ae58931eec9b44681ef9fb692df4,cotton mcp legacy,gold solid,L,71,
550c5a8fe3af1688c860bf1c8c3c07094e34e387a0dd9afd39ac6c759a6a214f,cotton mcp legacy,gold solid,L,72,
884309e3a88cdae57c70d0fbf6b49e0e94157c11531883e3b1a057de1e268c1b,cotton mcp legacy,gold solid,XL,73,
8f7bdc5cb2015a1c72b191f8b30ae0d0066806b40accfb93030b0dd68f8588e4,cotton mcp legacy,gold solid,XL,74,
2196ba1d3dc27f5b350e10f043d7dba8702e9a4d8a45a5f3da366ef528f2f752,cotton mcp,gold cracked,L,75,
19eb6134cb08f6914cb04168a25fee19fb4f0eeed30e14ffc3e6b393f302ceaa,cotton mcp,gold cracked,L,76,
33a3d0e1e3db6bb765a2f75151985d1a4a1b62c1be931ca1d70eccb68ba7be40,cotton mcp,gold cracked,L,77,
e8721b76f9b915680235d4c4f1689121545249885651e604a2df46893b1ffd53,cotton gorilla,gold cracked,XL,78,
a1e19839032af8485ad8f8a694910365bf7320055c69372151b4f78afb850b78,joggers legacy,gold solid,M,79,
cdc69bf31bc762a9321787115b6c3812dcff73aa9152c3149de04caf95c51047,hoodie mcp,gold cracked,L,80,
7c88f646eec7ceb9b87f8a2a159e61240bf0c4dc16b9319c7245dddf73d15398,hoodie mcp,gold cracked,XL,81,
8e84d336fb86eb0aca490471593c5a3de4a3babab67e5913d8a4f35abd5cf033,hoodie mcp,gold cracked,2XL,82,
9e71f89d2ee6f51c0421062af846f5b8f837bcadc6e8d92a787e7941b23c6a9a,hoodie mcp,gold cracked,2XL,83,
a56f5491b695e219f9d8f553b1164506f2a07b770073bc6a29f3f45fd49151f8,hoodie gorilla,gold cracked,XL,84,
27b9fcddcbe553523122ee6d8825dab05aa74fc606f89140bd145a12c53f87c3,hoodie gorilla,gold cracked,2XL,85,
96dadcf9b344dd62b1ddf56bd468186f8fef2d9c5799724d899ee9e8f674de77,tights gorilla,gold cracked,L,86,
b8286a692b230e9eeae17b19abdad2e75fd9848d7eca8eb90116cef1a5c89db3,tights shorts legacy,black,M,87,
2fdd8f08e0c548b1963d8e16f67c4121433d562f44f7ae659e155da13edb6f35,cotton,bear,S,1,
31ae935edf5fbab15c04dc3ca75527cfd9fd47752f17a35cdf40627d1eec6476,cotton,bear,S,2,
2c4b0ab2bfa37c444234bd3be61f20128b3735b34238e2ba30ac260355408a23,cotton,bear,S,3,
70c3bdc51e1fc4d788b5cba93ab10e109c6abb25429318c66a4468bb48c82b8f,cotton,bear,S,4,
a38e08d7bb94831dc2003a0f0573bfbd381ff5b94288a5bf7dcfdc921b7f2d59,cotton,bear,S,5,
c534299f191e8ac9e05ed8800d14230e9eaf6787b689d660c845115b33bd204b,cotton,bear,S,6,
6c5275989092b252d388f6175ca6d3007a498e80e586f540afa8c34fdc5a16ac,cotton,bear,M,7,
ab53fb048fb6d0368e47b29fd7a57ba4bf1a1aa85e81827d0c228ed818cc5969,cotton,bear,M,8,
33920ff4c913356a78662107cd1a9fc4ba79e0804fdb1a10f14e3119461abada,cotton,bear,M,9,
9723c315e08af83de17aa527cf13a9996e309ed0dfc3f71a84776f1b9f65d583,cotton,bear,M,10,
7df811afd6dd694e527b7437c1583c0663476918517b2f6deff8e34db5420c9c,cotton,bear,M,11,
9651efd48b5a8f817c1816ed20778c8bf1b64753deb8e1e9cb2db07a097316d7,cotton,bear,M,12,
63aea7ff1bfede35650c3ddde827fe0e496c832e2bb0975949d776a1653c2c8e,cotton,bear,L,13,
f19208cc451c92a24f20685f4b8abda92d594738aaf2a5be18d16912284b8571,cotton,bear,L,14,
6aef3d01fe4895742d0b3a68e282a7d0170428f9dff1ce699f44aa5277cce0dd,cotton,bear,L,15,
aa6f06da1506b3f73b07b528ebc01a6c83f42d422bc4a2240da22fcd4f212900,cotton,bear,L,16,
733219736257738d3d0443153369df9ec0f191375503228f788821d9c5411c3b,cotton,bear,L,17,
47fce819f25e13e9be5455ad4ec253ebce2b77d83bba4578f31d9add4fe44cbc,cotton,bear,L,18,
67bd66c12a33d046b68959166683fee808d43d8c713086fb751151c82bff24f9,cotton,bear,XL,19,
fea9f0ebc5190bb0ae1f890d4b3173df341ba1879f397372ce327f5bcff6fc17,cotton,bear,XL,20,
417241dc2098125ba4a1f14d6e676a604ea9014889fd9b2723cc6b16463a0595,cotton,bear,XL,21,
ae65e03dbfd5cc1f75ffa46e342a22e30ea306a9657f040c893d4c423de17b67,cotton,bear,XLL,22,
b9e44ce7f296fee57f9125a21278281d3a73de29694f23595b5999fc715055d4,cotton,viking,S,23,
4eec7afe76133bb9b63d0d803f489296d35d2c907b74c7c86dd5b0873e314842,cotton,viking,S,24,
cb6e271a7e091a3625ddbbc676f80d8fba65cde1b2e765ae94d4a82ced496be4,cotton,viking,S,25,
0152d40fbaab11cd73ad905d0bc773e2dac25242f446fa9802859f9cc7ad2611,cotton,viking,S,26,
5f4c7d7ec96fb49e4127cc9d2f4ed6dc9940128abb78b54a741b852b2fce8220,cotton,viking,S,27,
e0d6b67d23088feee86073615d53522fcb8b5401b940ce88902d092451ae716a,cotton,viking,S,28,
263d85ecfa706e6ff1ef17acfc0090bb3c0f6e5bb74e217d01295d512940d527,cotton,viking,M,29,
a19a3793a9fd00a45351e1df8a9a456aeb8f88db7ae6aba35314ca847f60242b,cotton,viking,M,30,
4f7a4b9d2dfda4f54118ea398b7ea6dd31070d40157ab2586b96e420033da3bc,cotton,viking,M,31,
1681e1dc84a98277b488edc3cce002145298990227317b1c0a47af5e49230502,cotton,viking,M,32,
39163b4c3d68f0d89f32bfbbc26e46642a0f198b25ad8431f4336bfb3f798905,cotton,viking,M,33,
40b249104b49604ed9763e163d91e237479e7a6ee369bb6b41525c6c4760f021,cotton,viking,M,34,
8b7149d64f2b8c6e871bb7f8d4baf7983127429056cc13e015598f501577c971,cotton,viking,L,35,
649ec3d96910bd2740a6955d73b3846a93460bfb4061ececbe47a797a09a2080,cotton,viking,L,36,
e9e48699b06fe93c77dd2df8316cf6111b4cee6936f2082337143777c36b8a47,cotton,viking,L,37,
cd61b0086aeaf90c83f44b9d6680c2becca99c8adacbf4f2273c708ef340c377,cotton,viking,L,38,
26b53281d4dd94d30284eb54ab56eb715a8d683198c1352d380592e1590c1fbf,cotton,viking,L,39,
935884a749cec77ef2687eae8f3067d1c2f472821c9fcb9d30dcaee5eac81405,cotton,viking,L,40,
b09debaa3adc34bb4346d98b4ab0530e2d823fb6cadd7afa2ad5cdaa5c29b025,cotton,viking,XL,41,
5db4db8799664eda6b0e26fcee2a9b4ef37bd53b297cb9291ac5d0d8159c4e18,cotton,viking,XL,42,
e1bd128bcf70e93222629f6cef1e09e02a815a2775b1b042625437353994fa77,cotton,viking,XL,43,
95d342fc08d449b75759cb5698969a1916a41e20624617fe00e7ec329d8bbced,cotton,viking,XLL,44,
1d7c89fb4e289d31fb00e356af5d29cc2ed0fba6a0ac2968cfd23d21ce98f4cd,cotton,gorilla,S,45,
9e7869230a78a20cd07d3e84b71e21ad168d4fc3e191743d0aaabaea72e4f0f9,cotton,gorilla,S,46,
133045c92bae6ea68a1f666c78c07c75d178d03a235d77b5d1185b5ed3c24a56,cotton,gorilla,S,47,
8360084b2285947e432621e1a90b252e11e7d1a0c3111b8766719c6d41daa3e0,cotton,gorilla,S,48,
32c3892ba1da558887a8599db37abb371a41256688b11500b3aea1833831796e,cotton,gorilla,S,49,
a6c691e2a82903df531b51a2d7695fea86c6170eb8ef8376f92596638bdc9d99,cotton,gorilla,S,50,
295ea242cc330a9f9b0f24d36ecfcb4803d3c9fb3eb32676ba6363b4a4cb62ea,cotton,gorilla,S,51,
4410a45b5b2ceb84ab58c4cd2e1b42ee2d11016b3bbaffc4d177e23af821b2bc,cotton,gorilla,S,52,
31780a1d732abe94ebd9cba94194fc4b6304e3fdf9622affe5bda3f68560dbe1,cotton,gorilla,M,53,
a677532882717bffa850a853e3267c78179aaca4f5037fcaaa0755a8a847cd30,cotton,gorilla,M,54,
8885793a321bf66d80518884aab725703186cac1a81015cd202d39abc8bd1a40,cotton,gorilla,M,55,
d8f74c94a97dc3168f62a523b2eecd7e068964ac6641960ae070c0d78e6fc9f1,cotton,gorilla,M,56,
d640d2d5980ec494a01476bb799c3483ebe31f84a7661ec5b8b36ac6f3a98dce,cotton,gorilla,M,57,
f52b120e3f9860515c84a3118885a292e5bae8cf31ec6e8500420d4326345659,cotton,gorilla,M,58,
adbbf03b693d1c11ecf087c5099590ec5c7181a5fa64d778f7358f8a7e3ab257,cotton,gorilla,M,59,
0782affd208f77637f6b3f71596b2a8bb943754d0e354eea16a79c313226bfc2,cotton,gorilla,M,60,
03412ece49affe008ee11c22bba2bdf8c5621a9ff09ee09b3ac62f2d1d74443b,cotton,gorilla,L,61,
6a37116ce9ee3da23a7de1619aeb99810781f9701ecc44ac26c5a3bc7d0ddf3f,cotton,gorilla,L,62,
3e1760e2a1d3236d0789ec7eaf91f9b65bff400752972debfb9e25c41eedb109,cotton,gorilla,L,63,
a344c4af14458068b89f355628632f7ebab3dbe8d3ca3b9d5d18f25aec1768c5,cotton,gorilla,L,64,
15af3f20cbf73a77563884c9f29b811cf7ebcd7d0a75577af5d3bdb8dfc711c8,cotton,gorilla,L,65,
d57931102f9e257bae49a62745fd475db7035bd019e37febd12c1b6d4439029c,cotton,gorilla,L,66,
0b8f6041e2a645b89561c4aa03afe4e7b1269c90012cb07cbe111eb26156879e,cotton,gorilla,L,67,
28cb29a66934f5a8c487eb8c406c29530cdb9f272f44a39517857704065ec291,cotton,gorilla,L,68,
3d9c23cdd75a237efd0b1f507c84362778b942b71178276b7a1be24bec713ae1,cotton,gorilla,XL,69,
e31e8c470c206f0b814361545a44eda2659fd83fa05f4bfbbee9a97cf311ce86,cotton,gorilla,XL,70,
8e0b0b0a537b54f81621432cdf7aa04065d02eb79f0b3cc0c6529473ab2da939,cotton,gorilla,XL,71,
5466555a0f134dfdd064a37ccf9bd6a96881bd544fa826eb660ac769523311db,cotton,gorilla,XL,72,
adc5e03949637106baeecbb5e0dc6879496e7a0bf4b2ed39504d6d1be749a693,cotton,gorilla,XLL,73,
48c756414be1a5394bc51e63b270b99859e5d5c0ba8f6dda15f01982030c9a63,dry-fit,bear,XXS,74,
c9a5555ce2195f1d8ec9624a4fadec77fdcbc20107c70f244c9cc2a9f88191ae,dry-fit,bear,XS,75,
54b3e56e18b815ad9184f3aee907347a4bf4c8f7d000878e8526f1f717a8cefb,dry-fit,bear,XS,76,
3b55565542dd89d6114d30ee78966019a220380469794c5fca30e2aed62027a9,dry-fit,bear,XS,77,
22a6cc145dddf07db297b3fcf215b12d950f4f64ac325b4b4a72a86bfd07464f,dry-fit,bear,XS,78,
a95fd76ede72ba55db9c77779a33c3bbd46886fca995711c27235f1ac17f89f0,dry-fit,bear,XS,79,
33ad18e4ee5c6b5089caeafbdfe06d396e3500654d84d2fcae94d3de79d61068,dry-fit,bear,S,80,
93d82e9f0b9e7d5e01945f803639ebcbe779f9bc8694940f84f75240a5983919,dry-fit,bear,S,81,
050e05e917a123efb9e6a8c7106768cfa6f57f32ee19cac1bf99b0d8bf1fe2da,dry-fit,bear,M,82,
f65fa64755d069e84378ea3cdee7a35e54657dcab5425535d86e89d8135e0826,dry-fit,bear,M,83,
29cf1dee78463666a87516777362a1a54d3c3d4bb528b3e6e2e3d2d27004d63d,dry-fit,bear,M,84,
4e8667de072c53417739f0c293cb31431b2a0c1e56da4d1f39e9ba022876d4a3,dry-fit,bear,M,85,
f7af4c3a7cf6398ad0a50e30ecacade6fabaaca8ccb3073a50490313ec8f979a,dry-fit,bear,M,86,
7095f4cee4ce636e771145446fe3a773124e92fa2c445735fd6b63b8e2e05d9f,dry-fit,bear,M,87,
555e3c973ee88f3a55424ef4828cbac5a0361d8a33ffbab36fad3713cd296b93,dry-fit,bear,M,88,
b30535587e796b03bfcdfcc04e84f752c2b627cac198d246da947a2799210e0b,dry-fit,bear,M,89,
10fda245674849a03f5a5d625149182b82e86e33df68f921d8a50dcfb44464f5,dry-fit,bear,M,90,
d6800b04e08f449c2454ca1b438c9d931ea1806c5534f571e0931f40be6391f5,dry-fit,bear,L,91,
e33f93cfa696bc66e0c399996db245cade81fd7e0e3e3e068ee443871c17b387,dry-fit,bear,L,92,
d5ca178f495ba098146169a890df4dab7102993e7870d205f901c60dd81c75b0,dry-fit,bear,L,93,
d496ea85959e1dddf9a3cccbfa9e37a5162d19ecc414c905af851eedc9856d28,dry-fit,bear,L,94,
8ef431e995bd6f8660914d0ae42d52b3ad51642f7e3f1d83e4ee44b5b958190f,dry-fit,bear,L,95,
b7ca0e96a2bef5b02db3f3c4236052048ce29d7155b221a97c25014025107892,dry-fit,bear,XL,96,
da2ee8c02b7f8de7cf723c22b59e3cadc6b3c18990157401c4488f43d13bbc7d,dry-fit,viking,XXS,97,
1846aa55af9624f32d18858c6e1f6b2e43f41f46d3959ca6d21612fc19121c3a,dry-fit,viking,XS,98,
e81009ef434086395e63a29a81656a3b6b7906d6a36b069b530418355f17899b,dry-fit,viking,XS,99,
ea050aa36f72b7905d1635a8625f8a16a90b8f5c9eeee6e844d56ea5cf862bce,dry-fit,viking,XS,100,
343affb48a5aaec8f4607d0da18d5d87ef7e390baece29e198fa727a8e4f7569,dry-fit,viking,XS,101,
aa3c0bc686a080df6b819dd2bd9206fb76fe382800dcec5cee7fdd956cefd151,dry-fit,viking,XS,102,
7e939a3a23be84f1821c76e6e6da040a390d11146309205552fc26cc23bf6ff4,dry-fit,viking,S,103,
476c223e9ad1781fd0175e5e144dad71cbc4525a7a491d35490da7ea090806a1,dry-fit,viking,S,104,
d0bc2105466211a3ad7581cb09f757c5ce802e4390b5987d5f15c05bf4a31743,dry-fit,viking,M,105,
227d8fadb2832b4d70a056db7650ba68a603e8a80b2e691bdce8070748336380,dry-fit,viking,M,106,
dc576027e545dad78e0720505a80cbad6d97346000f5424166fd1f2725f44c4a,dry-fit,viking,M,107,
e0c622e1dde3b848c80a19e1c20654ff3f7def1040cc93751abeb5508d69ec36,dry-fit,viking,M,108,
dce834e7d380f5e2ec8e90d926aca57c9566b109c2c8878afc0dc0dbd2ecd5a9,dry-fit,viking,M,109,
9df74ca87ae20e85a939025d5bddbb3ee91f8725d081c8ffcb9c5054e9d3cd42,dry-fit,viking,M,110,
178b3c151037527246147e605c78708fc8d23eb6ac26faa77a153480a6cc1b77,dry-fit,viking,M,111,
d6f874fcd950027db22da8e586666e201b689da83e3ef0be2287d9468f0c76cb,dry-fit,viking,M,112,
dc8255601b50aa2416fad45177245daa6705ee51ca3c530c7e5e450cb67457a9,dry-fit,viking,M,113,
9182120e13adfff223fcaaa5b90aa95cd813f8860be900c73c8923032ea24850,dry-fit,viking,L,114,
b0e4781d8cfc32a9dae43fde93f97ea54b723b4a40e82277a10a253907200db7,dry-fit,viking,L,115,
c5efe8186e83a59c08e253354415de1ebf53eebebf52cc1f19a24c4c6ac04fb0,dry-fit,viking,L,116,
aeaa1fd89318ebedb5aac521bc969aa374910ce6bdf5f8cb1ebb2acd8e6a802d,dry-fit,viking,L,117,
3af34d9774480c4083a0b2d72ad84a81548c4a4d594238880a0a0f435e07206b,dry-fit,viking,L,118,
8bec9f9fa1743ae291976dc9668bebf2e7bdd2ff58cf4630f6db6a47b53b79bc,dry-fit,viking,XL,119,
0c1b2e37c1bb72b5312c9291cc9e478be0dfd93aa5fb0ceb2f09b59e8120a969,dry-fit,gorilla,XXS,120,
b91fcec221898702754bf3465590b2ef8974040104d68f7fdf7834552a50de95,dry-fit,gorilla,XS,121,
3511773e1d2fa77ea2d5c137a870fe11e29d8716be78b25a1f1a6230a320ff56,dry-fit,gorilla,XS,122,
c13e1272407181358d79c88821c061f17682e29cc46cda0911c1023ad3c9a82a,dry-fit,gorilla,XS,123,
95821ce5d3e96dd3df65bb2a55f52250d953c879eb402e3bbec9ca94128d7f33,dry-fit,gorilla,XS,124,
4ab6f73aae2c0ba336d98a47fbedd5dc08acc655d3ac3174965e4ecd180d98ba,dry-fit,gorilla,XS,125,
b9a5515a45ccc03f79e0716fa43b923cbc31874b29e70e16c8de6ae42873cbe7,dry-fit,gorilla,S,126,
3b11fea91c0baa3557f6a43bad5165148044afa3aab79054b7ef32b97c02618d,dry-fit,gorilla,S,127,
628b954e9f8ca6fcd077a72fa4d69e1708c7ddcc8e5b1710e7a41e5619053824,dry-fit,gorilla,M,128,
15b44cefde65cbc58c8c7b9a1e0a7ff090a5ff97944fd15f5e3b44bbc21c7e2f,dry-fit,gorilla,M,129,
b653421a88a5e1651258e4df446afb4e4e6dc049a18e4ce5029dfdce2f86eeaa,dry-fit,gorilla,M,130,
aca345b33242fb4576e602bcee545275d312e57905f0312799248736a69a13c3,dry-fit,gorilla,M,131,
b4143b9ce7390d6e4a2c285fedefdbb6fb1d00d7caf7f9f41fcbebc0428e71c2,dry-fit,gorilla,M,132,
1cd421f8d1d8788f4bff9d2955044b46ae4c87b3002ec8bc8f4a82d7c4c6fb6c,dry-fit,gorilla,M,133,
b7ac23d5e1aa2e7e461d29abad53d58de920339d82904969915b1d9d1487710f,dry-fit,gorilla,M,134,
0c1e85f6ba16735193dd27f9a70bdbed777c3f16cc0de5fe6d2a3dc750bdeae3,dry-fit,gorilla,M,135,
807c9762c16e25c43c55e8078c80e2e7ce2121156564718c0eb4260319e6e231,dry-fit,gorilla,M,136,
80223330ec274d982e61adbcfb9dd6ead33d057b3b724b8ba388627c12dcbd8d,dry-fit,gorilla,L,137,
2f628ccd3187fbb76ae0ff6959d18f7e267d7371074faac8d5b43de79eed391c,dry-fit,gorilla,L,138,
fb11c60ff90c10cc3b4be09eff28d84201177564e20049dfc6bbc7d25f99b60c,dry-fit,gorilla,L,139,
e6c09b8906c402efc8d91f037ed5d05a219dc2f805d0da50c5ec852117fc4f5d,dry-fit,gorilla,L,140,
3ff93693f4383a722ca2c552c716facea66238a79f40ecbbd400fb7c868a5ffc,dry-fit,gorilla,L,141,
554fad40c47de7d4f533e2c7d90d5554c94965ce7847154d7017a36f26ef904f,dry-fit,gorilla,XL,142,
f91736ec75b9061a8445adc229ac841cb9675aacd2ddc0fed437b782d30c5363,dry-fit,mcp,XXS,143,
f3cadf9c35862e3d1e9fc8830e16b49c00111e81b17713f19645dfd643b3a757,dry-fit,mcp,XS,144,
159dea01e0bf0283e5c24f693e050a893823cf3b0e54d830dc534b8d3b7bb651,dry-fit,mcp,XS,145,
3c4ea1915b24821a20d57ae3f2bdf277c1703c39a84f95a1f7f598ac5f3ef882,dry-fit,mcp,XS,146,
a82180bcb189290cbb383a80721e17ca91be2eb6d1522ceafdeedc78e5cc554b,dry-fit,mcp,XS,147,
0126c522e26c38cf5e822bd2e78b94c8a537d3dcf12e910f8a787d8f8ead4859,dry-fit,mcp,XS,148,
808ab995d4c4bfd7676ab072048d45cb1f8409a3dd70ac6486de181b305e6b4e,dry-fit,mcp,S,149,
0cb361d56dde1d776651871184e3301017de4dcb8a07ac9519da90ab4541c472,dry-fit,mcp,M,150,
b3f4de21d19a3ab0f937ecc3871021d61f4eb14360251c2829647bafc273b281,dry-fit,mcp,M,151,
f67e7faf0b5087e42a78989b334f8db61442f2977ec6cfd1b0261f24b0118285,dry-fit,mcp,M,152,
6b1e7205c593fe7dda5b254e1f0a457fde41e36d46feeecec8cddc5a2b8367f6,dry-fit,mcp,M,153,
2027e5835fcec659b98f8f33cdb38d9146cfc67fd4a8fb4e1f1be3424eb20faa,dry-fit,mcp,M,154,
14f187a324cf8d2b6ee83ad4ba5b9ba575b2d3bf6afd0f2a83f41b5fca848f54,dry-fit,mcp,M,155,
09ad1d4ee2382b0e7b1ee7d0ceca1d83f126a84f62ac0ba5c56c6aa71647914c,dry-fit,mcp,M,156,
fc137ef83b6c0409ab1a8dcbb39d6f83396e6c27480d4d2a5f61ba33a8b10581,dry-fit,mcp,M,157,
adf2b52bd8f3114fa3aa390675043fab2b3ced006775bee4e8d3ae70c8587051,dry-fit,mcp,L,158,
b097624f1375ac5e2048d982c12e70e56465a0c46a3a7f01cf3154ed737f951b,dry-fit,mcp,L,159,
f985c5e3cda91d1c71833ae616f0f9edd6062e9590a29d6b2eafbf1da8a9c392,dry-fit,mcp,L,160,
c311974a27bf9fe78ff81ce03458a58202bdd75fa486ed82f4f1a0faa37084a1,dry-fit,mcp,L,161,
71ad4a60ef325dfd75d01aa6a3e532665e84f0abc51816da26680f177bfe6a29,dry-fit,mcp,L,162,
c878594188058991cd0835d696af649ef002b0ae4e2c8e1d9d8160736d6ae6c1,dry-fit,mcp,XL,163,
